<div tabindex="-1"
     class="sapMPopover sapMPopoverWithoutBar sapMPopoverWithoutSubHeader sapMPopoverNav sapMPopoverWithoutFooter sapMPopoverVerScrollDisabled sapMPopoverHorScrollDisabled sapMPopup-CTX sapUiSizeCompact sapMPopoverWithHeaderCont sapMPopoverWithHeaderCont sapUiShd"
     style="position: absolute; display: block; visibility: visible; z-index: 10; top: 54px; left: 10px; opacity: 1;">
    <span tabindex="0" class="sapMPopoverHiddenFocusable"></span>
    <div class="sapMPopoverWrapper">
        <div class="sapMPopoverCont"
             style="width: 320px; height: 500px; max-width: 3100px;">
            <div class="sapMPopoverScroll" style="display: block;">
                <div class="sapMNav"
                     style="width: 100%;">
                    <div class="sapMPage sapMPageBgStandard sapMPageWithHeader sapMPageBusyCoversAll sapUiResponsivePadding--header sapMNavItem">
                        <header class="sapMPageHeader">
                            <div class="sapMIBar sapMIBar-CTX sapMBar sapMContent-CTX sapMBar-CTX sapMPageHeader sapMHeader-CTX sapMBarTitleAlignAuto sapUi-Std-PaddingS">
                                <div class="sapMBarLeft sapMBarContainer sapMBarEmpty"></div>
                                <div class="sapMBarMiddle">
                                    <div class="sapMBarPH sapMBarContainer"
                                         style="width: 100%;">
                                        <div class="sapMTitle sapMTitleStyleAuto sapMTitleNoWrap sapUiSelectable sapMTitleMaxWidth sapMBarChild">
                                            <span dir="auto">Products</span>
                                        </div>
                                    </div>
                                </div>
                                <div class="sapMBarRight sapMBarContainer sapMBarEmpty"></div>
                            </div>
                        </header>
                        <section class="sapMPageEnableScrolling sapUiScrollDelegate"
                                 style="overflow: hidden auto;">
                            <div class="sapMList sapMListBGSolid" style="width: 100%;">
                                <div tabindex="-1"
                                     class="sapMListDummyArea"></div>
                                <ul tabindex="0"
                                    class="sapMListItems sapMListUl sapMListShowSeparatorsAll sapMListModeNone">
                                    <li tabindex="-1"
                                        class="sapMLIB sapMLIB-CTX sapMLIBShowSeparator sapMLIBTypeActive sapMLIBActionable sapMLIBHoverable sapMLIBFocusable sapMSLI sapMSLIThumbnail sapMSLINoIconInset sapMSLIWithDescription">
                                        <div class="sapMLIBContent">
                                            <img src="test-resources/sap/ui/documentation/sdk/images/HT-1000.jpg"
                                                 alt=""
                                                 class="sapMImg sapMSLIImgNoInset">
                                            <div class="sapMSLIDiv">
                                                <div class="sapMSLITitle">Notebook Basic 15</div>
                                                <div class="sapMSLIDescription">HT-1000</div>
                                            </div>
                                        </div>
                                    </li>
                                    <li tabindex="-1"
                                        class="sapMLIB sapMLIB-CTX sapMLIBShowSeparator sapMLIBTypeActive sapMLIBActionable sapMLIBHoverable sapMLIBFocusable sapMSLI sapMSLIThumbnail sapMSLINoIconInset sapMSLIWithDescription">
                                        <div class="sapMLIBContent">
                                            <img src="test-resources/sap/ui/documentation/sdk/images/HT-1001.jpg"
                                                 alt=""
                                                 class="sapMImg sapMSLIImgNoInset">
                                            <div class="sapMSLIDiv">
                                                <div class="sapMSLITitle">Notebook Basic 17</div>
                                                <div class="sapMSLIDescription">HT-1001</div>
                                            </div>
                                        </div>
                                    </li>
                                </ul>
                                <div tabindex="0"
                                     class="sapMListDummyArea sapMListDummyAreaSticky"></div>
                            </div>
                        </section>
                    </div>
                </div>
            </div>
        </div>
    </div>
    <span class="sapMPopoverArr sapMPopoverArrUp" style="left: 50.5px;"></span>
    <span tabindex="-1" class="sapMPopoverHiddenFocusable"></span>
    <span tabindex="0" class="sapMPopoverHiddenFocusable"></span>
</div>